name,skid
Church Chat,67
This Week with David Brinkley,73
Fox and Friends,260
Morning Joe,292
Inside The NBA,247
Action 9 News At Five,289
Family Feud,278
Women's Round Table,291
Instant Coffee,68
The Pat Stevens Show,61
Master Thespian,63
Discover,72
Donahue,43
Nightline,71
Miss Connie's Fable Nook,69
The NFL Today,70
The People's Court,37
The O'Reilly Factor,200
True Tales From The Sea,287
Shanice Goodwin: Ninja,288
Secret Word,250
Anderson Cooper 360,227
Black Jeopardy!,279
Melania Moments,290
SNL Digital Short,230
Cinema Classics,275
Politics Nation,265
A Mike O'Brien Picture,284
HBO First Look,197
Inside SoCal,280
Bronx Beat,236
On The Record,252
Brother 2 Brother,286
Right Side of the Bed,285
Brian Fellow's Safari Planet,176
Astronaut Jones,199
Forgotten TV Gems,281
Girlfriends Talk Show,271
Hollywood Game Night,282
How 2 Dance with Janelle,283
The Rock Obama,246
Charlie Rose,146
How's He Doing?,268
Shark Tank,274
WXPD News New York,257
60 Minutes,31
Waking Up With Kimye,277
Les Jeunes de Paris,255
Ellen,272
Piers Morgan Live,276
Nancy Grace,234
The Barry Gibb Talk Show,215
Steve Harvey,270
The Californians,269
The Lawrence Welk Show,243
Maine Justice,273
The Situation Room,233
The Miley Cyrus Show,254
Piers Morgan Tonight,266
What Up With That?,249
J-Pop America Fun Time Now!,262
The Essentials,258
Bein' Quirky,267
Gilly,245
the Manuel Ortiz Show,251
We're Going To Make Technology Hump,264
it's Getting Freaky with Cee Lo Green!,263
Today,129
The Best of Both Worlds,261
What's That Name?,259
The Ambiguously Gay Duo,133
Mort Mort Feingold: Accountant For The Stars,253
Wayne's World,80
Live with Regis & Kelly,208
Larry King Live,108
La Rivista Della Televisione,239
American America,256
The Rachel Maddow Show,244
The View,162
The Suze Orman Show,240
MacGruber,237
The Delicious Dish,137
Hip Hop Kids,235
Besos Y Lagrimas,220
Access Hollywood,207
Game Time With Randy And Greg,248
The Mellow Show,242
Deep House Dish,231
Jeopardy!,141
The Cougar Den,241
Deal Or No Deal,232
NBC Special Report,171
The Dakota Fanning Show,238
106 & Park Top Ten Live,212
American Idol,213
Prince Show,219
Oprah,151
Hardball,188
Fun With Real Audio,135
The Tony Bennett Show,202
Carol!,229
The Falconer,204
Debbie Downer,222
Appalachian Emergency Room,218
The Needlers,228
Gays in Space,226
�Show Biz Grande Explosion!,221
The Lundford Twins Feel Good Variety Hour,225
Bear City,223
Primetime Live,87
Channel 5 Late Night Movie,206
Merv The Perv,217
Behind The Music,175
Michael Jackson,139
Spy Glass,216
Rap Night,224
Inside Barbie's Dreamhouse,198
Pranksters,211
The X-Presidents,144
Jarret's Room,190
Club Traxx,209
Top O' The Morning,203
Meet The Press,185
Sex and the City,181
The Sharon Osbourne Show,214
Wake Up Wakefield!,191
20/20,41
Tennis Talk,205
Second Time Around,210
Where Are They Now?,177
The Continental,89
My Big Thick Novel,193
Fiesta Politica,196
Daily Affirmation,100
She's The Girl With No Gaydar!!!,194
The Ferey M�htar Talk Show,201
The Anatominals Show,192
America Undercover,195
TRL,186
Hello Dolly,170
"Nick Burns, Your Company's Computer Guy",180
Inside the Actors Studio,178
"The How Do You Say? Ah Yes, Show",172
A Short film by Adam McKay,182
Martha Stewart Living,130
Janet Reno's Dance Party,143
Rap Street,187
Veronica & Co.,189
Pretty Living,168
Dog Show,173
Storytellers,166
The Crocodile Hunter,183
The All New Adventures of Mr. T,184
Monday Night Football,158
The Ladies' Man,154
Morning Latte,159
Who Wants To Be A Millionaire,179
Taxicab Confessions,120
Goth Talk,149
Sally,95
Tiger Beat's Ultra Super Duper Dreamy Love Show,164
Pimp Chat,174
Judge Judy,163
Biography,125
"Space, The Infinite Frontier",152
Maakies,169
The Golords,155
The Lost Deep Thoughts,153
The Celine Dion Show,167
Prime Minister's Questions,148
The Robin Byrd Show,161
Barbara Walters Oscar Special,147
Good Morning with Liza!,156
Issues,157
"Hey, Remember The 80's",132
Eye On The Olympics,165
The Joe Pesci Show,128
Colin Quinn Explains The New York Times,160
Perspectives,119
The Late Show,142
MTV News,52
Coffee Talk,99
Sprockets,84
Scottish Soccer Hooligan Weekly,118
Shopping at Home Network,138
The Gossip Show,140
"Wong & Owens, Ex-Porn Stars",145
The Local News,131
The Barbara Walters Special,136
I'm Chillin',96
The Dark Side,93
Brief Histories,134
The Tonight Show,45
Spade in America,124
Fuzzy Memories,126
Leg Up,123
Unfrozen Cave Man Lawyer,105
The Real World,112
Inside Politics,127
O.J. Today,122
Zagat's,121
Ricki Lake,116
Deep Thoughts,98
Good Morning Brooklyn,117
Entertainment Tonight,48
Christopher Walken's Celebrity Psychic Friends Network,114
Office Space,111
Theatre Stories,106
Rob Schneider's Girlfriend Theater,115
The Denise Show,113
Simon,92
Schiller's Reel,18
Sassy's Sassiest Boys,110
The Chris Farley Show,104
It's Pat,101
Tori,109
Bill Swerski's Super Fans,97
"Frank Gannon, P.I. P.I.",102
The Sensitive Naked Man,107
The McLaughlin Group,94
"Lyle, The Effeminate Heterosexual",88
Live With Regis & Kathie Lee,91
Tales From The Barbecue,103
"Toonces, The Cat Who Could Drive A Car",86
Pumping Up With Hans & Franz,74
Middle-Aged Man,90
Cooking with The Anal Retentive Chef,82
Lothar Of The Hill People,83
Tales of Ribaldry,81
Mr. Short-Term Memory,76
The Bob Waltman Special,85
Attitudes,78
Plug Away,77
As World Turn,79
Learning to Feel,75
Actors On Film,66
The Limits Of The Imagination,60
The Further Adventures Of Biff And Salena,65
"Craig Sundberg, Idiot Savant",62
That Black Girl,64
Fernando's Hideaway,57
The Joe Franklin Show,58
First Draft Theater,55
Strictly From Blackwell,59
Mister Robinson's Neighborhood,32
Lifestyles of The Relatives of The Rich and Famous,53
Book Beat,47
Tippi Turtle,56
Rich Hall's Election Report,54
"Hello, Trudy!",51
Unanswered Questions of the Universe,50
I Married A Monkey,33
Fascinating People and Their Friends,49
Larry's Corner,46
Late Night with David Letterman,42
The David Susskind Show,24
A Few Minutes with Andy Rooney,34
Speaking as a Woman,40
The Interesting Four,44
Focus On Film,39
Looks at Books,4
The Uncle Tom Show,38
The Bizarro World,35
Cheap Laffs,36
The Mr. Bill Show,9
Rocket Report,30
SNL Sports,29
What's It All About,28
The Franken and Davis Show,19
What If?,22
The Bel Airabs,27
Great Moments In Rock & Roll,17
Woman To Woman,26
On The Spot,25
Black Perspective,2
X-Police,20
Consumer Probe,15
Tomorrow,10
Crossroads,14
More Insects To Worry About,21
A Film by Gary Weis,5
How Your Children Grow,16
Home Movie,6
Baba Wawa At Large,12
Mr. Mike's Least-Loved Bedtime Tales,13
Not For Ladies Only,11
Great Moments In Herstory,8
Bisexual Minute,7
A Film by Albert Brooks,1
Minute Mystery,3
